{
	"format_version": "1.8.0",
	"animations": {
		"open": {
			"loop": "hold_on_last_frame",
			"animation_length": 2.625,
			"bones": {
				"top": {
					"rotation": {
						"0.0": {
							"vector": [0, 0, 0],
							"easing": "linear"
						},
						"0.6667": {
							"vector": [0, 7.5, 0],
							"easing": "bezier",
							"left": [0, 0, 0],
							"left_time": [-0.1, -0.1, -0.1],
							"right": [0, 0, 0],
							"right_time": [0.1, 0.1, 0.1]
						},
						"0.9583": {
							"vector": [66.45543, 4.96034, 7.08063],
							"easing": "bezier",
							"left": [-22.648, 1.91907, -0.0911],
							"left_time": [-0.1, -0.1, -0.1],
							"right": [22.648, -1.91907, 0.0911],
							"right_time": [0.1, 0.1, 0.1]
						},
						"1.2083": {
							"vector": [87.51192, 5.00237, 0.10943],
							"easing": "bezier",
							"left": [0, 0, 0],
							"left_time": [-0.1, -0.1, -0.1],
							"right": [0, 0, 0],
							"right_time": [0.1, 0.1, 0.1]
						},
						"1.5": {
							"pre": {
								"vector": [92.51192, 5.00237, 0.10943]
							},
							"post": {
								"vector": [92.51192, 5.00237, 0.10943]
							},
							"lerp_mode": "catmullrom"
						},
						"1.875": {
							"post": {
								"vector": [87.51192, 5.00237, 0.10943]
							},
							"lerp_mode": "catmullrom"
						},
						"2.0833": {
							"vector": [85.01192, 5.00237, 0.10943],
							"easing": "bezier",
							"left": [0, 0, 0],
							"left_time": [-0.1, -0.1, -0.1],
							"right": [0, 0, 0],
							"right_time": [0.1, 0.1, 0.1]
						},
						"2.875": {
							"pre": {
								"vector": [87.51192, 5.00237, 0.10943]
							},
							"post": {
								"vector": [87.51192, 5.00237, 0.10943]
							},
							"lerp_mode": "catmullrom"
						}
					},
					"position": {
						"0.0": {
							"vector": [0, 0, 0],
							"easing": "linear"
						},
						"0.6667": {
							"vector": [-1, 0, -7],
							"easing": "linear"
						},
						"1.2083": {
							"vector": [-1, -8, -6],
							"easing": "bezier",
							"left": [0, 0, 0],
							"left_time": [-0.1, -0.1, -0.1],
							"right": [0, 0, 0],
							"right_time": [0.1, 0.1, 0.1]
						}
					}
				}
			}
		},
		"close": {
			"loop": "hold_on_last_frame",
			"animation_length": 1.9583,
			"bones": {
				"top": {
					"rotation": {
						"0.0": {
							"post": {
								"vector": [87.51192, 5.00237, 0.10943]
							},
							"lerp_mode": "catmullrom"
						},
						"0.0417": [87.16394, 4.93913, 0.34998],
						"0.0833": [86.53798, 4.82538, 0.7827],
						"0.5": [78.22676, 3.31499, 6.52811],
						"0.5833": [76.70536, 3.03851, 7.57983],
						"0.625": [76.0794, 2.92475, 8.01255],
						"0.6667": {
							"vector": [75.73143, 2.86152, 8.2531]
						},
						"0.7083": [75.20675, 2.74868, 7.90431],
						"0.75": [74.26291, 2.5457, 7.27689],
						"1.125": [62.97406, 0.11791, -0.22745],
						"1.25": [59.43715, -0.64274, -2.57864],
						"1.2917": [58.49332, -0.84572, -3.20606],
						"1.3333": {
							"pre": {
								"vector": [57.96864, -0.95856, -3.55484]
							},
							"post": {
								"vector": [57.96864, -0.95856, -3.55484]
							},
							"lerp_mode": "catmullrom"
						},
						"1.625": {
							"post": {
								"vector": [50.49585, 0, 0]
							},
							"lerp_mode": "catmullrom"
						},
						"1.8333": {
							"post": {
								"vector": [0, 0, 0]
							},
							"lerp_mode": "catmullrom"
						}
					},
					"position": {
						"0.0": {
							"vector": [-1, -8, -6]
						},
						"0.0417": [-0.97046, -7.91139, -5.97046],
						"0.0833": [-0.91733, -7.75198, -5.91733],
						"0.125": [-0.85519, -7.56558, -5.85519],
						"0.4583": [-0.28179, -5.84538, -5.28179],
						"0.5417": [-0.14481, -5.43442, -5.14481],
						"0.5833": [-0.08267, -5.24802, -5.08267],
						"0.625": [-0.02954, -5.08861, -5.02954],
						"0.6667": {
							"vector": [0, -5, -5]
						},
						"0.7083": [0, -4.85231, -4.97046],
						"0.75": [0, -4.58663, -4.91733],
						"0.7917": [0, -4.27597, -4.85519],
						"0.8333": [0, -3.94091, -4.78818],
						"1.0833": [0, -1.76812, -4.35362],
						"1.1667": [0, -1.05909, -4.21182],
						"1.2083": [0, -0.72403, -4.14481],
						"1.25": [0, -0.41337, -4.08267],
						"1.2917": [0, -0.14769, -4.02954],
						"1.3333": {
							"pre": {
								"vector": [0, 0, -4]
							},
							"post": {
								"vector": [0, 0, -4]
							},
							"lerp_mode": "catmullrom"
						},
						"1.7083": {
							"post": {
								"vector": [0, 0, -3]
							},
							"lerp_mode": "catmullrom"
						},
						"1.75": [0, 0, -2.8203],
						"1.7917": [0, 0, -2.28469],
						"1.875": [0, 0, -0.71531],
						"1.9167": [0, 0, -0.1797],
						"1.9583": {
							"vector": [0, 0, 0]
						}
					}
				}
			}
		},
		"idle": {
			"loop": "hold_on_last_frame",
			"animation_length": 1.9583,
			"bones": {
				"top": {
					"rotation": {
						"0.0": {
							"post": {
								"vector": [87.51192, 5.00237, 0.10943]
							},
							"lerp_mode": "catmullrom"
						},
						"0.0417": [87.16394, 4.93913, 0.34998],
						"0.0833": [86.53798, 4.82538, 0.7827],
						"0.5": [78.22676, 3.31499, 6.52811],
						"0.5833": [76.70536, 3.03851, 7.57983],
						"0.625": [76.0794, 2.92475, 8.01255],
						"0.6667": {
							"vector": [75.73143, 2.86152, 8.2531]
						},
						"0.7083": [75.20675, 2.74868, 7.90431],
						"0.75": [74.26291, 2.5457, 7.27689],
						"1.125": [62.97406, 0.11791, -0.22745],
						"1.25": [59.43715, -0.64274, -2.57864],
						"1.2917": [58.49332, -0.84572, -3.20606],
						"1.3333": {
							"pre": {
								"vector": [57.96864, -0.95856, -3.55484]
							},
							"post": {
								"vector": [57.96864, -0.95856, -3.55484]
							},
							"lerp_mode": "catmullrom"
						},
						"1.625": {
							"post": {
								"vector": [50.49585, 0, 0]
							},
							"lerp_mode": "catmullrom"
						},
						"1.8333": {
							"post": {
								"vector": [0, 0, 0]
							},
							"lerp_mode": "catmullrom"
						}
					},
					"position": {
						"0.0": {
							"vector": [-1, -8, -6]
						},
						"0.0417": [-0.97046, -7.91139, -5.97046],
						"0.0833": [-0.91733, -7.75198, -5.91733],
						"0.125": [-0.85519, -7.56558, -5.85519],
						"0.4583": [-0.28179, -5.84538, -5.28179],
						"0.5417": [-0.14481, -5.43442, -5.14481],
						"0.5833": [-0.08267, -5.24802, -5.08267],
						"0.625": [-0.02954, -5.08861, -5.02954],
						"0.6667": {
							"vector": [0, -5, -5]
						},
						"0.7083": [0, -4.85231, -4.97046],
						"0.75": [0, -4.58663, -4.91733],
						"0.7917": [0, -4.27597, -4.85519],
						"0.8333": [0, -3.94091, -4.78818],
						"1.0833": [0, -1.76812, -4.35362],
						"1.1667": [0, -1.05909, -4.21182],
						"1.2083": [0, -0.72403, -4.14481],
						"1.25": [0, -0.41337, -4.08267],
						"1.2917": [0, -0.14769, -4.02954],
						"1.3333": {
							"pre": {
								"vector": [0, 0, -4]
							},
							"post": {
								"vector": [0, 0, -4]
							},
							"lerp_mode": "catmullrom"
						},
						"1.7083": {
							"post": {
								"vector": [0, 0, -3]
							},
							"lerp_mode": "catmullrom"
						},
						"1.75": [0, 0, -2.8203],
						"1.7917": [0, 0, -2.28469],
						"1.875": [0, 0, -0.71531],
						"1.9167": [0, 0, -0.1797],
						"1.9583": {
							"vector": [0, 0, 0]
						}
					}
				}
			}
		}
	},
	"geckolib_format_version": 2
}